baby	cat	mama	rat
-----------------
super	dog	duper	hog
-----------------
bobby	johnny	cowby	lalalana	ashby
-----------------
bobby	johnny	cowby	lalalana	ashby
-----------------
bobby	johnny	cowby	lalalana	ashby
-----------------
bobby	johnny	cowby	lalalana	ashby
-----------------
bobby	johnny	cowby	lalalana	ashby
-----------------
bobby	johnny	cowby	lalalana	ashby
-----------------
bobby	johnny	cowby	lalalana	ashby
-----------------
bobby	johnny	cowby	lalalana	ashby
-----------------
bobby	johnny	cowby	lalalana	ashby
-----------------
bobby	johnny	cowby	lalalana	ashby
-----------------
